Year,Unvailable,Total,Percentage
2023,0,4,0
2022,8,619,0.012924071
2021,31,747,0.041499331
2020,23,383,0.060052219
2019,5,114,0.043859649
2018,5,51,0.098039216
2017,5,24,0.208333333
2016,10,57,0.175438596
2015,6,53,0.113207547
2014,12,43,0.279069767
2013,2,5,0.4
2012,1,6,0.166666667
2011,0,3,0
2010,2,3,0.666666667
2009,1,2,0.5
2008,0,10,0
2007,2,7,0.285714286
2006,2,7,0.285714286
2005,0,3,0
2004,3,9,0.333333333
2002,0,4,0
2001,0,8,0
1996,0,1,0
1981,0,1,0
1964,0,1,0
1951,0,1,0
