Link format,Count,Percentage
URL,1349,62.28070175
DOI,765,35.31855956
ZIP,16,0.738688827
PDF,12,0.55401662
DOCX,9,0.415512465
GZ,7,0.323176362
TXT,3,0.138504155
SPACE,3,0.138504155
IMG,1,0.046168052
ZIPR,1,0.046168052
